{
  "buffers": [
    {
      "alignment": 4,
      "batch": 0,
      "channel_first": true,
      "channel_last": true,
      "epochs": {
        "end": 1,
        "start": 0
      },
      "flags": "STAI_FLAG_WEIGHTS|STAI_FLAG_CONST|STAI_FLAG_PREALLOCATED",
      "format": "STAI_FORMAT_S32",
      "id": 178,
      "intq": {},
      "is_param": true,
      "mpool_id": 1,
      "name": "conv2d_0_bias_array",
      "nbits": 32,
      "offset_start": 144,
      "qmn": {},
      "shape": [
        16
      ],
      "shape_map": [
        "CH"
      ],
      "size_bytes": 64
    },
    {
      "alignment": 4,
      "batch": 0,
      "channel_first": false,
      "channel_last": true,
      "epochs": {
        "end": 8,
        "start": 4
      },
      "flags": "STAI_FLAG_PREALLOCATED|STAI_FLAG_ACTIVATIONS",
      "format": "STAI_FORMAT_S8",
      "id": 155,
      "intq": {
        "axis": 2,
        "offsets": [
          -128
        ],
        "scales": [
          0.003460126230493188
        ]
      },
      "is_param": false,
      "mpool_id": 0,
      "name": "conv2d_0_output_array",
      "nbits": 8,
      "offset_start": 6308,
      "qmn": {},
      "shape": [
        128,
        45,
        16
      ],
      "shape_map": [
        "H",
        "W",
        "CH"
      ],
      "size_bytes": 92160
    },
    {
      "alignment": 4,
      "batch": 0,
      "channel_first": false,
      "channel_last": true,
      "epochs": {
        "end": 6,
        "start": 3
      },
      "flags": "STAI_FLAG_PREALLOCATED|STAI_FLAG_ACTIVATIONS|STAI_FLAG_SCRATCHS",
      "format": "STAI_FORMAT_S8",
      "id": 208,
      "intq": {},
      "is_param": false,
      "mpool_id": 0,
      "name": "conv2d_0_scratch0_array",
      "nbits": 8,
      "offset_start": 5760,
      "qmn": {},
      "shape": [
        1,
        1,
        548,
        1
      ],
      "shape_map": [
        "H",
        "W",
        "CH",
        "CH_IN"
      ],
      "size_bytes": 548
    },
    {
      "alignment": 4,
      "batch": 0,
      "channel_first": true,
      "channel_last": false,
      "epochs": {
        "end": 1,
        "start": 0
      },
      "flags": "STAI_FLAG_WEIGHTS|STAI_FLAG_CONST|STAI_FLAG_PREALLOCATED",
      "format": "STAI_FORMAT_S8",
      "id": 175,
      "intq": {
        "axis": 3,
        "offsets": [
          0,
          0,
          0,
          0,
          0,
          0,
          0,
          0,
          0,
          0,
          0,
          0,
          0,
          0,
          0,
          0
        ],
        "scales": [
          0.0022413297556340694,
          0.0014767757384106517,
          0.0021186841186136007,
          0.0015555775025859475,
          0.0024938450660556555,
          0.0020618890412151814,
          0.0018505052430555224,
          0.0019181512761861086,
          0.0019665744621306658,
          0.0015271162847056985,
          0.0015364006394520402,
          0.0015464412281289697,
          0.0012349975295364857,
          0.0022787493653595448,
          0.0017602794105187058,
          0.001612042193301022
        ]
      },
      "is_param": true,
      "mpool_id": 1,
      "name": "conv2d_0_weights_array",
      "nbits": 8,
      "offset_start": 0,
      "qmn": {},
      "shape": [
        16,
        3,
        3,
        1
      ],
      "shape_map": [
        "CH",
        "H",
        "W",
        "CH_IN"
      ],
      "size_bytes": 144
    },
    {
      "alignment": 4,
      "batch": 0,
      "channel_first": true,
      "channel_last": true,
      "epochs": {
        "end": 1,
        "start": 0
      },
      "flags": "STAI_FLAG_WEIGHTS|STAI_FLAG_CONST|STAI_FLAG_PREALLOCATED",
      "format": "STAI_FORMAT_S32",
      "id": 184,
      "intq": {},
      "is_param": true,
      "mpool_id": 1,
      "name": "conv2d_2_bias_array",
      "nbits": 32,
      "offset_start": 1360,
      "qmn": {},
      "shape": [
        8
      ],
      "shape_map": [
        "CH"
      ],
      "size_bytes": 32
    },
    {
      "alignment": 4,
      "batch": 0,
      "channel_first": false,
      "channel_last": true,
      "epochs": {
        "end": 16,
        "start": 12
      },
      "flags": "STAI_FLAG_PREALLOCATED|STAI_FLAG_ACTIVATIONS",
      "format": "STAI_FORMAT_S8",
      "id": 161,
      "intq": {
        "axis": 2,
        "offsets": [
          -128
        ],
        "scales": [
          0.006126938853412867
        ]
      },
      "is_param": false,
      "mpool_id": 0,
      "name": "conv2d_2_output_array",
      "nbits": 8,
      "offset_start": 2992,
      "qmn": {},
      "shape": [
        64,
        23,
        8
      ],
      "shape_map": [
        "H",
        "W",
        "CH"
      ],
      "size_bytes": 11776
    },
    {
      "alignment": 4,
      "batch": 0,
      "channel_first": false,
      "channel_last": true,
      "epochs": {
        "end": 13,
        "start": 9
      },
      "flags": "STAI_FLAG_PREALLOCATED|STAI_FLAG_ACTIVATIONS",
      "format": "STAI_FORMAT_S8",
      "id": 159,
      "intq": {
        "axis": 2,
        "offsets": [
          -128
        ],
        "scales": [
          0.003460126230493188
        ]
      },
      "is_param": false,
      "mpool_id": 0,
      "name": "conv2d_2_pad_before_output_array",
      "nbits": 8,
      "offset_start": 29476,
      "qmn": {},
      "shape": [
        66,
        25,
        16
      ],
      "shape_map": [
        "H",
        "W",
        "CH"
      ],
      "size_bytes": 26400
    },
    {
      "alignment": 4,
      "batch": 0,
      "channel_first": false,
      "channel_last": true,
      "epochs": {
        "end": 14,
        "start": 11
      },
      "flags": "STAI_FLAG_PREALLOCATED|STAI_FLAG_ACTIVATIONS|STAI_FLAG_SCRATCHS",
      "format": "STAI_FORMAT_S8",
      "id": 214,
      "intq": {},
      "is_param": false,
      "mpool_id": 0,
      "name": "conv2d_2_scratch0_array",
      "nbits": 8,
      "offset_start": 0,
      "qmn": {},
      "shape": [
        1,
        1,
        2992,
        1
      ],
      "shape_map": [
        "H",
        "W",
        "CH",
        "CH_IN"
      ],
      "size_bytes": 2992
    },
    {
      "alignment": 4,
      "batch": 0,
      "channel_first": true,
      "channel_last": false,
      "epochs": {
        "end": 1,
        "start": 0
      },
      "flags": "STAI_FLAG_WEIGHTS|STAI_FLAG_CONST|STAI_FLAG_PREALLOCATED",
      "format": "STAI_FORMAT_S8",
      "id": 181,
      "intq": {
        "axis": 3,
        "offsets": [
          0,
          0,
          0,
          0,
          0,
          0,
          0,
          0
        ],
        "scales": [
          0.0035286375787109137,
          0.0037110326811671257,
          0.0030999609734863043,
          0.003225089516490698,
          0.003175009973347187,
          0.003621059702709317,
          0.002360910177230835,
          0.002712123328819871
        ]
      },
      "is_param": true,
      "mpool_id": 1,
      "name": "conv2d_2_weights_array",
      "nbits": 8,
      "offset_start": 208,
      "qmn": {},
      "shape": [
        8,
        3,
        3,
        16
      ],
      "shape_map": [
        "CH",
        "H",
        "W",
        "CH_IN"
      ],
      "size_bytes": 1152
    },
    {
      "alignment": 4,
      "batch": 0,
      "channel_first": true,
      "channel_last": true,
      "epochs": {
        "end": 1,
        "start": 0
      },
      "flags": "STAI_FLAG_WEIGHTS|STAI_FLAG_CONST|STAI_FLAG_PREALLOCATED",
      "format": "STAI_FORMAT_S32",
      "id": 190,
      "intq": {},
      "is_param": true,
      "mpool_id": 1,
      "name": "conv2d_4_bias_array",
      "nbits": 32,
      "offset_start": 1968,
      "qmn": {},
      "shape": [
        8
      ],
      "shape_map": [
        "CH"
      ],
      "size_bytes": 32
    },
    {
      "alignment": 4,
      "batch": 0,
      "channel_first": false,
      "channel_last": true,
      "epochs": {
        "end": 22,
        "start": 18
      },
      "flags": "STAI_FLAG_PREALLOCATED|STAI_FLAG_ACTIVATIONS",
      "format": "STAI_FORMAT_S8",
      "id": 165,
      "intq": {
        "axis": 2,
        "offsets": [
          -128
        ],
        "scales": [
          0.002912451745942235
        ]
      },
      "is_param": false,
      "mpool_id": 0,
      "name": "conv2d_4_output_array",
      "nbits": 8,
      "offset_start": 1552,
      "qmn": {},
      "shape": [
        32,
        12,
        8
      ],
      "shape_map": [
        "H",
        "W",
        "CH"
      ],
      "size_bytes": 3072
    },
    {
      "alignment": 4,
      "batch": 0,
      "channel_first": false,
      "channel_last": true,
      "epochs": {
        "end": 20,
        "start": 17
      },
      "flags": "STAI_FLAG_PREALLOCATED|STAI_FLAG_ACTIVATIONS|STAI_FLAG_SCRATCHS",
      "format": "STAI_FORMAT_S8",
      "id": 220,
      "intq": {},
      "is_param": false,
      "mpool_id": 0,
      "name": "conv2d_4_scratch0_array",
      "nbits": 8,
      "offset_start": 0,
      "qmn": {},
      "shape": [
        1,
        1,
        1552,
        1
      ],
      "shape_map": [
        "H",
        "W",
        "CH",
        "CH_IN"
      ],
      "size_bytes": 1552
    },
    {
      "alignment": 4,
      "batch": 0,
      "channel_first": true,
      "channel_last": false,
      "epochs": {
        "end": 1,
        "start": 0
      },
      "flags": "STAI_FLAG_WEIGHTS|STAI_FLAG_CONST|STAI_FLAG_PREALLOCATED",
      "format": "STAI_FORMAT_S8",
      "id": 187,
      "intq": {
        "axis": 3,
        "offsets": [
          0,
          0,
          0,
          0,
          0,
          0,
          0,
          0
        ],
        "scales": [
          0.0024996015708893538,
          0.0027092942036688328,
          0.0026786585804075003,
          0.0033178068697452545,
          0.002736384514719248,
          0.0034041220787912607,
          0.0025948563124984503,
          0.003632947104051709
        ]
      },
      "is_param": true,
      "mpool_id": 1,
      "name": "conv2d_4_weights_array",
      "nbits": 8,
      "offset_start": 1392,
      "qmn": {},
      "shape": [
        8,
        3,
        3,
        8
      ],
      "shape_map": [
        "CH",
        "H",
        "W",
        "CH_IN"
      ],
      "size_bytes": 576
    },
    {
      "alignment": 4,
      "batch": 0,
      "channel_first": true,
      "channel_last": true,
      "epochs": {
        "end": 1,
        "start": 0
      },
      "flags": "STAI_FLAG_WEIGHTS|STAI_FLAG_CONST|STAI_FLAG_PREALLOCATED",
      "format": "STAI_FORMAT_S32",
      "id": 196,
      "intq": {},
      "is_param": true,
      "mpool_id": 1,
      "name": "gemm_7_bias_array",
      "nbits": 32,
      "offset_start": 100304,
      "qmn": {},
      "shape": [
        128
      ],
      "shape_map": [
        "CH"
      ],
      "size_bytes": 512
    },
    {
      "alignment": 4,
      "batch": 0,
      "channel_first": true,
      "channel_last": true,
      "epochs": {
        "end": 29,
        "start": 24
      },
      "flags": "STAI_FLAG_PREALLOCATED|STAI_FLAG_ACTIVATIONS",
      "format": "STAI_FORMAT_S8",
      "id": 169,
      "intq": {
        "axis": 0,
        "offsets": [
          -128
        ],
        "scales": [
          0.019302308559417725
        ]
      },
      "is_param": false,
      "mpool_id": 0,
      "name": "gemm_7_output_array",
      "nbits": 8,
      "offset_start": 3584,
      "qmn": {},
      "shape": [
        128
      ],
      "shape_map": [
        "CH"
      ],
      "size_bytes": 128
    },
    {
      "alignment": 4,
      "batch": 0,
      "channel_first": false,
      "channel_last": true,
      "epochs": {
        "end": 26,
        "start": 23
      },
      "flags": "STAI_FLAG_PREALLOCATED|STAI_FLAG_ACTIVATIONS|STAI_FLAG_SCRATCHS",
      "format": "STAI_FORMAT_S16",
      "id": 226,
      "intq": {},
      "is_param": false,
      "mpool_id": 0,
      "name": "gemm_7_scratch0_array",
      "nbits": 16,
      "offset_start": 768,
      "qmn": {},
      "shape": [
        1,
        1,
        1408,
        1
      ],
      "shape_map": [
        "H",
        "W",
        "CH",
        "CH_IN"
      ],
      "size_bytes": 2816
    },
    {
      "alignment": 4,
      "batch": 0,
      "channel_first": true,
      "channel_last": true,
      "epochs": {
        "end": 1,
        "start": 0
      },
      "flags": "STAI_FLAG_WEIGHTS|STAI_FLAG_CONST|STAI_FLAG_PREALLOCATED",
      "format": "STAI_FORMAT_S8",
      "id": 193,
      "intq": {
        "axis": 1,
        "offsets": [
          0,
          0,
          0,
          0,
          0,
          0,
          0,
          0,
          0,
          0,
          0,
          0,
          0,
          0,
          0,
          0,
          0,
          0,
          0,
          0,
          0,
          0,
          0,
          0,
          0,
          0,
          0,
          0,
          0,
          0,
          0,
          0,
          0,
          0,
          0,
          0,
          0,
          0,
          0,
          0,
          0,
          0,
          0,
          0,
          0,
          0,
          0,
          0,
          0,
          0,
          0,
          0,
          0,
          0,
          0,
          0,
          0,
          0,
          0,
          0,
          0,
          0,
          0,
          0,
          0,
          0,
          0,
          0,
          0,
          0,
          0,
          0,
          0,
          0,
          0,
          0,
          0,
          0,
          0,
          0,
          0,
          0,
          0,
          0,
          0,
          0,
          0,
          0,
          0,
          0,
          0,
          0,
          0,
          0,
          0,
          0,
          0,
          0,
          0,
          0,
          0,
          0,
          0,
          0,
          0,
          0,
          0,
          0,
          0,
          0,
          0,
          0,
          0,
          0,
          0,
          0,
          0,
          0,
          0,
          0,
          0,
          0,
          0,
          0,
          0,
          0,
          0,
          0
        ],
        "scales": [
          0.0038745151832699776,
          0.0035284089390188456,
          0.0023555615916848183,
          0.00386421917937696,
          0.0025494222063571215,
          0.0015002849977463484,
          0.0038471112493425608,
          0.002747881691902876,
          0.0038543078117072582,
          0.003671480342745781,
          0.0037274265196174383,
          0.0035624175798147917,
          0.0013994598994031549,
          0.0008955080411396921,
          0.0028872527182102203,
          0.003306862898170948,
          0.0036069888155907393,
          0.003189936513081193,
          0.002932044444605708,
          0.0036394952330738306,
          0.0021963564213365316,
          0.0038189846090972424,
          0.0017880825325846672,
          0.0028495825827121735,
          0.002090876456350088,
          0.0031212668400257826,
          0.0036928197368979454,
          0.003955074120312929,
          0.003329387167468667,
          0.0012386977905407548,
          0.0036149988882243633,
          0.0021040593273937702,
          0.0038584189023822546,
          0.0028182780370116234,
          0.0022471423726528883,
          0.0021150948014110327,
          0.003295010421425104,
          0.002047124085947871,
          0.003544518491253257,
          0.003662134287878871,
          0.0035270957741886377,
          0.001126309740357101,
          0.003688446944579482,
          0.002633071271702647,
          0.0021544075571000576,
          0.00191299628932029,
          0.0025649548042565584,
          0.0014776563039049506,
          0.0032925221603363752,
          0.002933121519163251,
          0.003344903700053692,
          0.0038414690643548965,
          0.003327819984406233,
          0.0021003016736358404,
          0.003380298148840666,
          0.003556553740054369,
          0.0038929879665374756,
          0.0025877472944557667,
          0.0036658993922173977,
          0.001922448631376028,
          0.003711913712322712,
          0.0019919059704989195,
          0.0014959728578105569,
          0.0022626554127782583,
          0.0030925932805985212,
          0.0008665655623190105,
          0.0033379902597516775,
          0.0028580708894878626,
          0.0028912120033055544,
          0.000755000626668334,
          0.0035632369108498096,
          0.003082312410697341,
          0.0012058259453624487,
          0.0038363675121217966,
          0.001899120514281094,
          0.0015013715019449592,
          0.00348936440423131,
          0.002165147801861167,
          0.0036439436953514814,
          0.003715761471539736,
          0.003216811455786228,
          0.002559917513281107,
          0.0035884210374206305,
          0.003507952904328704,
          0.002764341188594699,
          0.0026310281828045845,
          0.003269786946475506,
          0.0008549561607651412,
          0.003886538790538907,
          0.003496978199109435,
          0.0008615111000835896,
          0.0010762843303382397,
          0.003494241274893284,
          0.0007756767445243895,
          0.002282181056216359,
          0.0011337167816236615,
          0.003985133022069931,
          0.0035328364465385675,
          0.0032220652792602777,
          0.002158225979655981,
          0.0038407526444643736,
          0.002372626680880785,
          0.003815801115706563,
          0.000842587964143604,
          0.0035054280888289213,
          0.0021235132589936256,
          0.001074408646672964,
          0.0019167482387274504,
          0.0008713931310921907,
          0.0035268778447061777,
          0.0011258729500696063,
          0.002794102765619755,
          0.003080458380281925,
          0.0025062246713787317,
          0.003379383124411106,
          0.003449984360486269,
          0.0007950555882416666,
          0.0025283615104854107,
          0.003397962311282754,
          0.0035059419460594654,
          0.002551005221903324,
          0.0011799271451309323,
          0.002721673110499978,
          0.0027938103303313255,
          0.0026895739138126373,
          0.000963569909799844,
          0.002539787907153368,
          0.0006862121517769992
        ]
      },
      "is_param": true,
      "mpool_id": 1,
      "name": "gemm_7_weights_array",
      "nbits": 8,
      "offset_start": 2000,
      "qmn": {},
      "shape": [
        128,
        768
      ],
      "shape_map": [
        "CH",
        "CH_IN"
      ],
      "size_bytes": 98304
    },
    {
      "alignment": 4,
      "batch": 0,
      "channel_first": true,
      "channel_last": true,
      "epochs": {
        "end": 1,
        "start": 0
      },
      "flags": "STAI_FLAG_WEIGHTS|STAI_FLAG_CONST|STAI_FLAG_PREALLOCATED",
      "format": "STAI_FORMAT_S32",
      "id": 202,
      "intq": {},
      "is_param": true,
      "mpool_id": 1,
      "name": "gemm_8_bias_array",
      "nbits": 32,
      "offset_start": 100944,
      "qmn": {},
      "shape": [
        1
      ],
      "shape_map": [
        "CH"
      ],
      "size_bytes": 4
    },
    {
      "alignment": 4,
      "batch": 0,
      "channel_first": true,
      "channel_last": true,
      "epochs": {
        "end": 32,
        "start": 28
      },
      "flags": "STAI_FLAG_PREALLOCATED|STAI_FLAG_ACTIVATIONS",
      "format": "STAI_FORMAT_S8",
      "id": 171,
      "intq": {
        "axis": 0,
        "offsets": [
          127
        ],
        "scales": [
          0.09943142533302307
        ]
      },
      "is_param": false,
      "mpool_id": 0,
      "name": "gemm_8_output_array",
      "nbits": 8,
      "offset_start": 256,
      "qmn": {},
      "shape": [
        1
      ],
      "shape_map": [
        "CH"
      ],
      "size_bytes": 1
    },
    {
      "alignment": 4,
      "batch": 0,
      "channel_first": false,
      "channel_last": true,
      "epochs": {
        "end": 30,
        "start": 27
      },
      "flags": "STAI_FLAG_PREALLOCATED|STAI_FLAG_ACTIVATIONS|STAI_FLAG_SCRATCHS",
      "format": "STAI_FORMAT_S16",
      "id": 232,
      "intq": {},
      "is_param": false,
      "mpool_id": 0,
      "name": "gemm_8_scratch0_array",
      "nbits": 16,
      "offset_start": 0,
      "qmn": {},
      "shape": [
        1,
        1,
        128,
        1
      ],
      "shape_map": [
        "H",
        "W",
        "CH",
        "CH_IN"
      ],
      "size_bytes": 256
    },
    {
      "alignment": 4,
      "batch": 0,
      "channel_first": true,
      "channel_last": true,
      "epochs": {
        "end": 1,
        "start": 0
      },
      "flags": "STAI_FLAG_WEIGHTS|STAI_FLAG_CONST|STAI_FLAG_PREALLOCATED",
      "format": "STAI_FORMAT_S8",
      "id": 199,
      "intq": {
        "axis": 1,
        "offsets": [
          0
        ],
        "scales": [
          0.002053980017080903
        ]
      },
      "is_param": true,
      "mpool_id": 1,
      "name": "gemm_8_weights_array",
      "nbits": 8,
      "offset_start": 100816,
      "qmn": {},
      "shape": [
        1,
        128
      ],
      "shape_map": [
        "CH",
        "CH_IN"
      ],
      "size_bytes": 128
    },
    {
      "alignment": 4,
      "batch": 0,
      "channel_first": true,
      "channel_last": true,
      "epochs": {
        "end": 33,
        "start": 31
      },
      "flags": "STAI_FLAG_OUTPUTS|STAI_FLAG_PREALLOCATED|STAI_FLAG_ACTIVATIONS",
      "format": "STAI_FORMAT_S8",
      "id": 173,
      "intq": {
        "axis": 0,
        "offsets": [
          -128
        ],
        "scales": [
          0.00390625
        ]
      },
      "is_param": false,
      "mpool_id": 0,
      "name": "nl_9_output_array",
      "nbits": 8,
      "offset_start": 0,
      "qmn": {},
      "shape": [
        1
      ],
      "shape_map": [
        "CH"
      ],
      "size_bytes": 1
    },
    {
      "alignment": 4,
      "batch": 0,
      "channel_first": false,
      "channel_last": true,
      "epochs": {
        "end": 10,
        "start": 7
      },
      "flags": "STAI_FLAG_PREALLOCATED|STAI_FLAG_ACTIVATIONS",
      "format": "STAI_FORMAT_S8",
      "id": 157,
      "intq": {
        "axis": 2,
        "offsets": [
          -128
        ],
        "scales": [
          0.003460126230493188
        ]
      },
      "is_param": false,
      "mpool_id": 0,
      "name": "pool_1_output_array",
      "nbits": 8,
      "offset_start": 5924,
      "qmn": {},
      "shape": [
        64,
        23,
        16
      ],
      "shape_map": [
        "H",
        "W",
        "CH"
      ],
      "size_bytes": 23552
    },
    {
      "alignment": 4,
      "batch": 0,
      "channel_first": false,
      "channel_last": true,
      "epochs": {
        "end": 19,
        "start": 15
      },
      "flags": "STAI_FLAG_PREALLOCATED|STAI_FLAG_ACTIVATIONS",
      "format": "STAI_FORMAT_S8",
      "id": 163,
      "intq": {
        "axis": 2,
        "offsets": [
          -128
        ],
        "scales": [
          0.006126938853412867
        ]
      },
      "is_param": false,
      "mpool_id": 0,
      "name": "pool_3_output_array",
      "nbits": 8,
      "offset_start": 14768,
      "qmn": {},
      "shape": [
        32,
        12,
        8
      ],
      "shape_map": [
        "H",
        "W",
        "CH"
      ],
      "size_bytes": 3072
    },
    {
      "alignment": 4,
      "batch": 0,
      "channel_first": false,
      "channel_last": true,
      "epochs": {
        "end": 25,
        "start": 21
      },
      "flags": "STAI_FLAG_PREALLOCATED|STAI_FLAG_ACTIVATIONS",
      "format": "STAI_FORMAT_S8",
      "id": 167,
      "intq": {
        "axis": 2,
        "offsets": [
          -128
        ],
        "scales": [
          0.002912451745942235
        ]
      },
      "is_param": false,
      "mpool_id": 0,
      "name": "pool_5_output_array",
      "nbits": 8,
      "offset_start": 0,
      "qmn": {},
      "shape": [
        16,
        6,
        8
      ],
      "shape_map": [
        "H",
        "W",
        "CH"
      ],
      "size_bytes": 768
    },
    {
      "alignment": 4,
      "batch": 0,
      "channel_first": false,
      "channel_last": true,
      "epochs": {
        "end": 5,
        "start": 2
      },
      "flags": "STAI_FLAG_INPUTS|STAI_FLAG_PREALLOCATED|STAI_FLAG_ACTIVATIONS",
      "format": "STAI_FORMAT_S8",
      "id": 153,
      "intq": {
        "axis": 2,
        "offsets": [
          -128
        ],
        "scales": [
          0.003921525552868843
        ]
      },
      "is_param": false,
      "mpool_id": 0,
      "name": "serving_default_input_layer0_output_array",
      "nbits": 8,
      "offset_start": 0,
      "qmn": {},
      "shape": [
        128,
        45,
        1
      ],
      "shape_map": [
        "H",
        "W",
        "CH"
      ],
      "size_bytes": 5760
    }
  ],
  "environment": {
    "generated_model": {
      "generated_time": "2025-09-05T10:09:56+0000",
      "model_files": [
        {
          "name": "network_data_params.h",
          "signature": "0x4228f42d7ce2f2d68eca721ae50a2108"
        },
        {
          "name": "network_data_params.c",
          "signature": "0x0d3bb6f25412acd1d7bded6683a270b6"
        },
        {
          "name": "network_data.h",
          "signature": "0xd238468e1c17b9fdbcc039ec0d472836"
        },
        {
          "name": "network_data.c",
          "signature": "0x0b2e83113951fc82385fa1eff1f3987a"
        },
        {
          "name": "network_config.h",
          "signature": "0xb038f0beef9958b78c2fc56f4c673a81"
        },
        {
          "name": "network.h",
          "signature": "0xba4ada22d4ba6914c2f9efd9c2a50980"
        },
        {
          "name": "network.c",
          "signature": "0xd731defa2f76de0a29b44e18a72004f6"
        }
      ],
      "name": "network"
    },
    "network_signature": "0xd2ae8d4470341247",
    "test_name": "",
    "tools": [
      {
        "arguments": "generate --model /tmp/stm32ai_service/17d00179-0947-448c-899d-605891011bb4/autoencoder1_PerChannel_quant_int8_int8_random_2.tflite --optimization time --target stm32f4 --name network --workspace /tmp/stm32ai_service/17d00179-0947-448c-899d-605891011bb4/workspace --output /tmp/stm32ai_service/17d00179-0947-448c-899d-605891011bb4/output",
        "environment": [
          "STATS_TYPE=stmai_webservice"
        ],
        "input_model": {
          "model_files": [
            {
              "name": "autoencoder1_PerChannel_quant_int8_int8_random_2.tflite",
              "signature": "0xbd1aac526b02fd2b8d9fccf6c6dac325"
            }
          ],
          "n_params": 100465,
          "name": "autoencoder1_PerChannel_quant_int8_int8_random_2",
          "size": 100948,
          "type": "tflite"
        },
        "name": "ST.EdgeAI.Core",
        "version": "2.2.0-20266 2adc00962"
      }
    ]
  },
  "graphs": [
    {
      "edges": [
        {
          "buffer": 155,
          "edge_kind": "EDGE_MEMORY",
          "end": {
            "node_id": 17,
            "port": 0
          },
          "id": 0,
          "name": "n16-p0_n17-p0",
          "start": {
            "node_id": 16,
            "port": 0
          }
        },
        {
          "buffer": 157,
          "edge_kind": "EDGE_MEMORY",
          "end": {
            "node_id": 18,
            "port": 0
          },
          "id": 1,
          "name": "n17-p0_n18-p0",
          "start": {
            "node_id": 17,
            "port": 0
          }
        },
        {
          "buffer": 159,
          "edge_kind": "EDGE_MEMORY",
          "end": {
            "node_id": 19,
            "port": 0
          },
          "id": 2,
          "name": "n18-p0_n19-p0",
          "start": {
            "node_id": 18,
            "port": 0
          }
        },
        {
          "buffer": 161,
          "edge_kind": "EDGE_MEMORY",
          "end": {
            "node_id": 20,
            "port": 0
          },
          "id": 3,
          "name": "n19-p0_n20-p0",
          "start": {
            "node_id": 19,
            "port": 0
          }
        },
        {
          "buffer": 163,
          "edge_kind": "EDGE_MEMORY",
          "end": {
            "node_id": 21,
            "port": 0
          },
          "id": 4,
          "name": "n20-p0_n21-p0",
          "start": {
            "node_id": 20,
            "port": 0
          }
        },
        {
          "buffer": 165,
          "edge_kind": "EDGE_MEMORY",
          "end": {
            "node_id": 22,
            "port": 0
          },
          "id": 5,
          "name": "n21-p0_n22-p0",
          "start": {
            "node_id": 21,
            "port": 0
          }
        },
        {
          "buffer": 167,
          "edge_kind": "EDGE_MEMORY",
          "end": {
            "node_id": 23,
            "port": 0
          },
          "id": 6,
          "name": "n22-p0_n23-p0",
          "start": {
            "node_id": 22,
            "port": 0
          }
        },
        {
          "buffer": 169,
          "edge_kind": "EDGE_MEMORY",
          "end": {
            "node_id": 24,
            "port": 0
          },
          "id": 7,
          "name": "n23-p0_n24-p0",
          "start": {
            "node_id": 23,
            "port": 0
          }
        },
        {
          "buffer": 171,
          "edge_kind": "EDGE_MEMORY",
          "end": {
            "node_id": 25,
            "port": 0
          },
          "id": 8,
          "name": "n24-p0_n25-p0",
          "start": {
            "node_id": 24,
            "port": 0
          }
        }
      ],
      "id": 0,
      "inputs": [
        153
      ],
      "name": "autoencoder1_PerChannel_quant_int8_int8_random_2",
      "nodes": [
        {
          "attributes": {
            "dilation": "{H: 1, W: 1}",
            "filter_size": "(3, 3)",
            "groups": "1",
            "is_depthwise": "False",
            "is_grouped_conv": "False",
            "num_filters": "16",
            "pad": "{H: (1, 1), W: (1, 1)}",
            "stride": "(1, 1)",
            "use_bias": "True",
            "use_deep_kernels": "False"
          },
          "description": "Conv2D",
          "id": 16,
          "inputs": [
            153,
            175,
            178
          ],
          "macc": 829456,
          "mapping": "NODE_SW",
          "name": "conv2d_0",
          "original_nodes": [
            "0"
          ],
          "outputs": [
            155
          ],
          "scratchs": [
            208
          ],
          "subgraph_nodes": [],
          "sw_functions": [
            "forward_conv2d_sssa8_ch"
          ]
        },
        {
          "attributes": {
            "ceil_mode": "floor",
            "pool_function": "max",
            "pool_pad": "{H: (0, 1), W: (0, 1)}",
            "pool_size": "(2, 2)",
            "pool_stride": "(2, 2)"
          },
          "description": "Pool",
          "id": 17,
          "inputs": [
            155
          ],
          "macc": 94208,
          "mapping": "NODE_SW",
          "name": "pool_1",
          "original_nodes": [
            "1"
          ],
          "outputs": [
            157
          ],
          "scratchs": [],
          "subgraph_nodes": [],
          "sw_functions": [
            "forward_mp_integer_INT8"
          ]
        },
        {
          "attributes": {
            "mode": "constant",
            "pad": "{H: (1, 1), W: (1, 1)}",
            "value": "(array(-128, dtype=int8), <AIFormatType.SIGNED: 4>)"
          },
          "description": "Pad",
          "id": 18,
          "inputs": [
            157
          ],
          "macc": 0,
          "mapping": "NODE_SW",
          "name": "conv2d_2_pad_before",
          "original_nodes": [
            "2"
          ],
          "outputs": [
            159
          ],
          "scratchs": [],
          "subgraph_nodes": [],
          "sw_functions": [
            "forward_pad"
          ]
        },
        {
          "attributes": {
            "dilation": "{H: 1, W: 1}",
            "filter_size": "(3, 3)",
            "groups": "1",
            "is_depthwise": "False",
            "is_grouped_conv": "False",
            "num_filters": "8",
            "pad": "{H: (0, 0), W: (0, 0)}",
            "stride": "(1, 1)",
            "use_bias": "True",
            "use_deep_kernels": "True"
          },
          "description": "Conv2D",
          "id": 19,
          "inputs": [
            159,
            181,
            184
          ],
          "macc": 1695752,
          "mapping": "NODE_SW",
          "name": "conv2d_2",
          "original_nodes": [
            "2"
          ],
          "outputs": [
            161
          ],
          "scratchs": [
            214
          ],
          "subgraph_nodes": [],
          "sw_functions": [
            "forward_conv2d_deep_3x3_sssa8_ch"
          ]
        },
        {
          "attributes": {
            "ceil_mode": "floor",
            "pool_function": "max",
            "pool_pad": "{H: (0, 1), W: (0, 1)}",
            "pool_size": "(2, 2)",
            "pool_stride": "(2, 2)"
          },
          "description": "Pool",
          "id": 20,
          "inputs": [
            161
          ],
          "macc": 12288,
          "mapping": "NODE_SW",
          "name": "pool_3",
          "original_nodes": [
            "3"
          ],
          "outputs": [
            163
          ],
          "scratchs": [],
          "subgraph_nodes": [],
          "sw_functions": [
            "forward_mp_integer_INT8"
          ]
        },
        {
          "attributes": {
            "dilation": "{H: 1, W: 1}",
            "filter_size": "(3, 3)",
            "groups": "1",
            "is_depthwise": "False",
            "is_grouped_conv": "False",
            "num_filters": "8",
            "pad": "{H: (1, 1), W: (1, 1)}",
            "stride": "(1, 1)",
            "use_bias": "True",
            "use_deep_kernels": "False"
          },
          "description": "Conv2D",
          "id": 21,
          "inputs": [
            163,
            187,
            190
          ],
          "macc": 221192,
          "mapping": "NODE_SW",
          "name": "conv2d_4",
          "original_nodes": [
            "4"
          ],
          "outputs": [
            165
          ],
          "scratchs": [
            220
          ],
          "subgraph_nodes": [],
          "sw_functions": [
            "forward_conv2d_sssa8_ch"
          ]
        },
        {
          "attributes": {
            "ceil_mode": "floor",
            "pool_function": "max",
            "pool_pad": "{H: (0, 1), W: (0, 1)}",
            "pool_size": "(2, 2)",
            "pool_stride": "(2, 2)"
          },
          "description": "Pool",
          "id": 22,
          "inputs": [
            165
          ],
          "macc": 3072,
          "mapping": "NODE_SW",
          "name": "pool_5",
          "original_nodes": [
            "5"
          ],
          "outputs": [
            167
          ],
          "scratchs": [],
          "subgraph_nodes": [],
          "sw_functions": [
            "forward_mp_integer_INT8"
          ]
        },
        {
          "attributes": {
            "num_units": "128",
            "use_bias": "True"
          },
          "description": "Dense",
          "id": 23,
          "inputs": [
            167,
            193,
            196
          ],
          "macc": 98432,
          "mapping": "NODE_SW",
          "name": "gemm_7",
          "original_nodes": [
            "7"
          ],
          "outputs": [
            169
          ],
          "scratchs": [
            226
          ],
          "subgraph_nodes": [],
          "sw_functions": [
            "forward_dense_integer_SSSA_ch"
          ]
        },
        {
          "attributes": {
            "num_units": "128",
            "use_bias": "True"
          },
          "description": "Dense",
          "id": 24,
          "inputs": [
            169,
            199,
            202
          ],
          "macc": 129,
          "mapping": "NODE_SW",
          "name": "gemm_8",
          "original_nodes": [
            "8"
          ],
          "outputs": [
            171
          ],
          "scratchs": [
            232
          ],
          "subgraph_nodes": [],
          "sw_functions": [
            "forward_dense_integer_SSSA"
          ]
        },
        {
          "attributes": {
            "nonlinearity": "lut",
            "param_fmt": "(SIGNED, 8 bit, C Size: 8 bits)",
            "params": "[-128, -128, -128, -128, -128, -128, -128, -128, -128, -128, -128, -128, -128, -128, -128, -128, -128, -128, -128, -128, -128, -128, -128, -128, -128, -128, -128, -128, -128, -128, -128, -128, -128, -128, -128, -128, -128, -128, -128, -128, -128, -128, -128, -128, -128, -128, -128, -128, -128, -128, -128, -128, -128, -128, -128, -128, -128, -128, -128, -128, -128, -128, -128, -128, -128, -128, -128, -128, -128, -128, -128, -128, -128, -128, -128, -128, -128, -128, -128, -128, -128, -128, -128, -128, -128, -128, -128, -128, -128, -128, -128, -128, -128, -128, -128, -128, -128, -128, -128, -128, -128, -128, -128, -128, -128, -128, -128, -128, -128, -128, -128, -128, -128, -128, -128, -128, -128, -128, -128, -128, -128, -128, -128, -128, -128, -128, -128, -128, -128, -128, -128, -128, -128, -128, -128, -128, -128, -128, -128, -128, -128, -128, -128, -128, -128, -128, -128, -128, -128, -128, -128, -128, -128, -128, -128, -128, -128, -128, -128, -128, -128, -128, -128, -128, -128, -128, -128, -128, -128, -128, -128, -128, -128, -128, -128, -128, -128, -128, -128, -128, -128, -128, -128, -128, -128, -128, -128, -128, -128, -128, -128, -128, -128, -127, -127, -127, -127, -127, -127, -127, -127, -127, -127, -127, -126, -126, -126, -126, -126, -125, -125, -125, -124, -124, -124, -123, -123, -122, -122, -121, -120, -120, -119, -118, -117, -116, -114, -113, -112, -110, -108, -106, -104, -102, -100, -97, -94, -91, -88, -85, -81, -77, -73, -68, -64, -59, -54, -48, -43, -37, -31, -25, -19, -13, -6, 0]"
          },
          "description": "Nonlinearity",
          "id": 25,
          "inputs": [
            171
          ],
          "macc": 1,
          "mapping": "NODE_SW",
          "name": "nl_9",
          "original_nodes": [
            "9"
          ],
          "outputs": [
            173
          ],
          "scratchs": [],
          "subgraph_nodes": [],
          "sw_functions": [
            "forward_nl_integer"
          ]
        }
      ],
      "original_inputs": [
        {
          "c_shape_map": [],
          "data_format": {
            "quantizer": "UNIFORM",
            "scale": [
              0.003921525552868843
            ],
            "size": 8,
            "type": "SIGNED",
            "zero": [
              -128
            ]
          },
          "name": "serving_default_input_layer0",
          "shape": [
            1,
            128,
            45,
            1
          ],
          "shape_map": [
            "BATCH",
            "H",
            "W",
            "CH"
          ]
        }
      ],
      "original_outputs": [
        {
          "c_shape_map": [],
          "data_format": {
            "quantizer": "UNIFORM",
            "scale": [
              0.00390625
            ],
            "size": 8,
            "type": "SIGNED",
            "zero": [
              -128
            ]
          },
          "name": "nl_9",
          "shape": [
            1,
            1
          ],
          "shape_map": [
            "BATCH",
            "CH"
          ]
        }
      ],
      "outputs": [
        173
      ]
    }
  ],
  "json_schema_version": "2.0",
  "memory_footprint": {
    "activations": 98468,
    "io": [
      0,
      0
    ],
    "kernel_flash": 31215,
    "kernel_ram": 3744,
    "series": "stm32f4",
    "toolchain": "arm-none-eabi-gcc (GNU Tools for STM32 10.3-2021.10.20211105-1100) 10.3.1 20210824 (release)",
    "toolchain_flash": 2116,
    "toolchain_ram": 0,
    "weights": 100948
  },
  "memory_pools": [
    {
      "address": "NULL",
      "alignment": 4,
      "attributes": {
        "latency": "HIGH",
        "score": 768,
        "throughput": "LOW"
      },
      "buffers": [
        153,
        155,
        157,
        159,
        161,
        163,
        165,
        167,
        169,
        171,
        173,
        208,
        214,
        220,
        226,
        232
      ],
      "id": 0,
      "name": "heap_overlay_pool",
      "offset_start": 0,
      "persistent": false,
      "rights": "ACC_WRITE",
      "size_bytes": -1,
      "subpools": [],
      "used_size_bytes": 98468,
      "user_allocated": false,
      "virtual": false
    },
    {
      "address": "s_network_weights_array_u64",
      "alignment": 0,
      "attributes": {
        "latency": "UNDEF",
        "score": 0,
        "throughput": "UNDEF"
      },
      "buffers": [
        175,
        178,
        181,
        184,
        187,
        190,
        193,
        196,
        199,
        202
      ],
      "id": 1,
      "name": "weights_array",
      "offset_start": 0,
      "persistent": true,
      "rights": "ACC_READ",
      "size_bytes": -1,
      "subpools": [],
      "used_size_bytes": 100948,
      "user_allocated": false,
      "virtual": false
    }
  ]
}